citycode,ln_cons_per_capita,cons_gdp_ratio,hospital_beds_per1000,ln_gdp_per_capita,secondary_gdp_ratio,tertiary_gdp_ratio,rd_intensity,rd_workers_per10k,invpat_grant_per10k,unemployment_rate,ln_employed_population,employment_rate,unemployment_insurance_coverage,medical_insurance_coverage,ln_gdp_pc_c_sq,overwork2020
110000,2.088706,.42653668,8.2426434,11.691271,.19489999,.79962856,.059766717,312.30054,35.361904,.0063369013,7.2490325,1.0489954,.84087175,1.1407969,.87648827,17.046007
120000,1.5739261,.30678901,5.7069297,11.588182,.43651429,.55172855,.027911223,145.37294,5.1001811,.023283618,6.1997752,.47542477,.29084903,.587973,.6730113,14.066678
130100,.96116948,.47382301,4.7344065,10.871655,.42483333,.48963332,.024038093,46.634659,1.3877341,.0052307276,5.3419585,.21789679,.091483116,.16580559,.01317448,14.301408
130200,1.0763854,.34577861,4.8899603,11.324883,.55663335,.35743335,.015611316,35.783504,.96337742,.0072443783,4.959784,.19080317,.11384888,.22547221,.30541879,14.361432
130300,.78448224,.47638017,4.9695988,10.784962,.35346669,.50788331,.011617325,28.005497,2.0436947,.0082353717,4.0406475,.19401293,.11728413,.23038311,.042664036,11.809101
130400,.28469172,.42663744,3.7196372,10.444432,.47589999,.40711668,.011575866,11.278125,.30321854,.005732513,5.1403742,.16851191,.064822175,.10680379,.11158779,12.077335
130500,.16572405,.48936146,3.6933184,10.156083,.45273334,.40150002,.0065774163,11.076812,.23489201,.0025533363,4.5690475,.12346808,.045118988,.10262794,.39552045,11.855544
130600,.31284255,.49972463,3.60993,10.271867,.46898332,.40399998,.020219907,24.291431,.7134465,.0040662521,5.0405455,.12994266,.0442614,.107605,.25816697,12.756357
130700,.30042714,.44586563,4.2982697,10.37379,.3743,.45478335,.0029838525,7.0720429,.25232977,.007965331,4.1829028,.14794327,.083641313,.16058223,.16481593,14.928897
130800,.28633603,.36449474,4.5267243,10.575833,.43861666,.38548332,.0070762918,9.9845028,.23049702,.0054153865,3.9958596,.14341459,.060813218,.13722011,.043922596,13.417249
130900,.38905808,.33705267,4.0965877,10.72625,.47708333,.43204999,.0088961422,17.438862,.24425866,.002985202,4.590878,.12869734,.047632992,.095536307,.0069580758,12.235134
131000,.65546978,.34332168,3.911835,10.944816,.43136668,.48809999,.007931903,37.368385,.90739709,.0022463435,4.5180287,.20037325,.064407609,.15024765,.046128854,12.715784
131100,.32801837,.47265187,3.6539867,10.309315,.44495001,.41455001,.0077525293,12.671984,.2904008,.005108573,4.1429257,.14112519,.041105617,.0918907,.23491241,11.702445
140100,1.473886,.52927196,9.6795521,11.190062,.38626665,.60053337,.073074199,34.53809,4.6128578,.013292797,5.2228069,.50043797,.24453118,.51917112,.19731857,15.971863
140200,.63026375,.55237794,5.2169199,10.381524,.40595001,.53896666,.0065874355,13.981133,1.1048218,.015645321,4.2206273,.21358205,.14002164,.28105992,.16415708,14.504399
140300,.8119843,.45916352,4.9121847,10.75276,.50455004,.47895002,.0076766722,25.526516,.22979797,.0064998488,3.755538,.32307994,.19136257,.31725633,.0050415117,13.727191
140400,.47998956,.39220163,4.3851237,10.619844,.5548833,.40296665,.0094259372,16.617405,.18593758,.0041548712,4.3569603,.23116821,.12327398,.19135585,.035402898,13.822854
140500,.55632591,.33867213,4.3281908,10.806583,.56151664,.39675,.0057669939,33.774162,.24409251,.0024964258,4.030313,.2562992,.13805588,.20238748,.012019547,14.802135
140600,.53020376,.28945959,4.1811733,10.937459,.46055001,.48016667,,,.091463417,.0034159315,3.7753963,.27381358,.11046052,.13011771,.030446772,14.73075
140700,.50364017,.46466544,4.0902338,10.476716,.46491665,.44311666,.0046966914,8.991477,.27984911,.0035042425,4.2025461,.20507482,.097187944,.18156001,.10731621,15.022794
140800,.3003763,.54020005,4.9519749,10.107324,.38491666,.45293334,.010626936,11.445103,.21171588,.0026419698,4.1175194,.12648061,.065896571,.1212251,.45527425,12.150404
140900,.055301968,.41562104,3.5600939,10.12848,.46343333,.44813332,.0017191963,2.4938979,.14298052,.0025766641,3.5506566,.11234115,.068236083,.19884261,.44331509,15.823194
141000,.33984917,.47356522,4.0616932,10.27429,.49736667,.42861667,.0035313142,5.387991,.12529002,.0040156413,4.1694636,.1500743,.081694894,.1363454,.25479016,14.259059
141100,.10256618,.36454448,2.6826375,10.34522,.61105001,.33673334,.0042786766,5.4096394,.26384932,.0027196291,,,.081993803,.10397154,.20770276,15.588808
150100,1.7103237,.44969028,6.9082789,11.507113,.29056665,.66818333,.015638623,50.780304,.84580296,.016574986,4.8148479,.52078217,.20695847,.29303184,.54531348,18.158789
150200,1.7935318,.40516713,6.9646125,11.722477,.46133333,.50964999,.015791636,72.583694,.77169639,.023400363,4.9080892,.6039719,.19103727,.39331505,.93080372,16.501188
150300,1.1132979,.2551327,6.9484324,11.513189,.61173332,.37935004,.0064276215,19.227272,1.0757575,.017629733,3.4058487,.65481383,.19360666,.51754528,.55141562,22.268595
150400,.3510727,.3721354,4.7718873,10.597947,.42358333,.41008335,.0030093677,4.7434783,.13054845,.0059150155,4.2660384,.15479548,.057554197,.13804847,.037869141,13.083485
150500,.35498652,.27406898,4.0948272,10.870098,.45351666,.38058335,.0016550118,3.5448327,.023699239,.0055684932,4.0629978,.18465349,.058998242,.14394899,.041659035,13.883698
150600,1.4190826,.16067478,6.4038477,12.225914,.56809998,.4048,.0091549698,37.774685,1.366851,.013017466,4.274704,.4653585,.13491148,.26562294,2.1257439,17.70212
150700,.70763767,.36334419,5.1549163,10.93998,.39919999,.41365001,.00044915351,2.3882499,.12190289,.012081377,4.3142142,.28958821,.10945861,.26055545,.041486558,14.822213
150800,.32150581,.27755463,4.7347431,10.834154,.47221667,.32705,.0021875694,3.8659003,.090038314,.0078027411,3.5991883,.21345869,.058076493,.15906101,.0073067732,14.866938
150900,.062442601,.33845714,2.6965928,10.559614,.4664,.38188332,.0042012376,2.7178206,,.0078840051,3.5469704,.13362347,.048195165,.11557975,.064667456,19.387613
152200,,,,,,,,,,,,,,,,13.732307
152500,,,,,,,,,,,,,,,,14.698964
152900,,,,,,,,,,,,,,,,15.806653
210100,1.6552485,.60378981,8.2239075,11.285727,.43258333,.52225,.025807826,71.424347,4.3180804,.013194806,5.7281752,.4171629,.19071266,.4751448,.27823478,13.208965
210200,1.6216089,.41901809,7.0467119,11.587252,.44431669,.49405,.024583424,100.34008,4.4869666,.013802667,5.5392561,.43871465,.25093025,.66859424,.67022413,19.760857
210300,.99644846,.49706763,5.6402769,10.922379,.45111668,.491,.0068807583,15.669716,1.3031635,.0090159923,4.3669782,.22968461,.16429965,.28516686,.073520988,19.276196
210400,1.0622364,.59865624,5.4963307,10.838583,.52829999,.40326667,.011159074,17.024128,.61177373,.011414435,4.012969,.2612249,.22716044,.49889344,.030256413,15.046296
210500,.86290717,.39143962,7.2305288,10.93057,.50431669,.43238333,.01337968,20.661469,.38288566,.016376309,3.8833785,.32635173,.25456935,.53609532,.071402252,19.032043
210600,.71072239,.56565422,5.5573187,10.511182,.36931667,.47064999,.0051209801,11.194708,1.0745099,.008392632,3.8210297,.19519924,.097814351,.34480208,.08941526,14.878603
210700,.69029891,.51010752,4.8181596,10.572849,.38876668,.44585001,.0078086443,13.067533,2.0957315,.0081784856,4.2797527,.24723464,.10958835,.34737247,.051923778,16.084393
210800,.76648992,.37243748,5.4177127,10.946141,.46906668,.45248333,.01287975,18.265394,1.443045,.0077548702,4.3730464,.34279472,.10174342,.3501384,.041205976,15.113222
210900,.39884546,.58362353,5.5051551,10.224233,.35084996,.43135002,.00672743,11.590117,.85235584,.0100252,3.7113309,.2185313,.10362978,.32238057,.32215831,18.064779
211000,.60787606,.37470099,6.8008857,10.777413,.52378333,.3939667,.011948787,14.610991,.36265472,.0083934311,3.5228636,.19070117,.12758218,.35894376,.029340323,16.286829
211100,1.0379558,.30882952,6.5029736,11.355038,.54570001,.36298335,.024005253,42.438461,.87948722,.012962038,4.1464877,.48913255,.26745534,.48338097,.35260808,17.686832
211200,.33499491,.60590941,3.8823593,10.179957,.36071667,.40195,.0024167539,8.3045502,.14818025,.0067270845,3.8723865,.16317093,.083762348,.18424694,.3793025,13.914409
211300,.24123587,.51874477,4.414834,10.25028,.34191668,.42721665,.0063899504,3.8382759,.12112947,.0056621223,3.9903023,.16209558,.069608063,.15692911,.28249109,13.087008
211400,.49880061,.62505901,4.4126902,10.263232,.41138333,.43974999,.0084099537,8.0734663,.079705782,.0089629274,3.8542626,.17669691,.085800998,.22263955,.26615438,18.703215
220100,1.2325938,.43903247,6.1919222,11.266385,.49421668,.44819999,,85.133514,2.6528373,.0094437702,5.5906587,.35728166,.12849015,.26894957,.25597712,15.491961
220200,1.1472212,.61050957,5.8328943,10.863818,.42471665,.47768334,,19.210323,.46504098,.0081813009,4.5951986,.23822048,.097584717,.2680276,.039574999,13.331884
220300,.54999101,.52018952,4.4283524,10.397494,.37328333,.37606668,.0016297435,3.5936904,.27155745,.0044924212,4.0328379,.17807053,.063466549,.19495177,.16405489,12.671875
220400,.58480436,.3462438,4.649817,10.890079,.5171833,.40205002,,9.7118645,.13059747,.0096020801,3.4842854,.27510971,.065418705,.25484008,.046335645,10.413524
220500,.75406379,.50051552,5.0919018,10.622727,.46028334,.44769999,.0051063546,11.497194,.25609785,.0037158721,3.957799,.24139839,.077752382,.42184097,.034051184,11.505125
220600,.80551606,.42359793,6.1730947,10.873412,.50423336,.40551665,,3.7249999,.17002834,.010229683,3.7217689,.33856374,.10144013,.37874734,.016377524,13.462701
220700,.83436584,.49515158,3.1182535,10.816285,.37905002,.44475001,,5.1527271,.045168679,.004826704,4.248929,.25562343,.058957972,.16919036,.072795987,11.958311
220800,.48313367,.49027678,3.5371439,10.39835,.38875002,.42685002,,3.3455498,.093479827,.0068588806,3.7179034,.21255811,.066224106,.21569337,.15167531,12.298081
222400,,,,,,,,,,,,,,,,12.479931
230100,1.2789147,.6039806,7.3199935,10.962504,.29988334,.59073335,.01545391,45.461781,4.041585,.009679704,5.5514994,.26539803,.11001431,.25329947,.043285057,14.489095
230200,.14706278,.50965351,4.7800517,10.098161,.29848331,.45744997,.0040043332,5.9194756,.26404494,.0073839398,4.3723435,.14525573,.055740282,.19279502,.46058452,13.656795
230300,.24632895,.44191849,6.1657043,10.296773,.27458334,.37841669,.00027695901,.53142858,.10469565,.0089763934,3.6181192,.20906825,.09553282,.24767956,.22969341,12.559476
230400,.20886298,.44707456,7.8208141,10.226215,.32976669,.34799999,.00021915819,.27356434,.083376437,.015508526,3.4447742,.29415441,.082795754,.23118839,.31181809,15.442404
230500,-.18758623,.24677032,6.0404649,10.381929,.25994998,.37954998,.0078880638,7.2659574,.047281325,.0089850025,3.405719,.20583022,.092683449,.23685718,.16150747,14.211754
230600,1.3040602,.34227237,5.8660603,11.621195,.63734996,.29881668,.0068900068,34.703297,1.0991659,.014143408,4.5593491,.34357664,.067129098,.22628587,.7518996,15.935271
230700,-.049403768,.42750826,5.4575548,10.019597,.22645006,.37896666,.012389351,5.302186,.058132041,.017565008,3.383496,.25034615,.10629272,.3129746,.57540476,15.30137
230800,.52153075,.4820168,6.0282073,10.483732,.20461665,.44121668,.00039825789,1.3278117,.65701765,.0086321207,3.7405119,.1782914,.06482704,.18923582,.091753125,11.333953
230900,.10693209,.40810838,4.8855863,10.222716,.40244997,.45580006,.011837528,6.7974682,.1873436,.01068708,3.2836485,.32508644,.12119698,.23558128,.31121364,15.293165
231000,.78567916,.48069626,6.1950068,10.712022,.34216666,.49036667,.0016877446,19.408007,.28039464,.0092182383,4.2249899,.26765206,.064296119,.23075633,.022203984,13.759615
231100,-.40489563,.23881596,4.7308602,10.249933,.15253337,.38349998,.000060754832,.086956523,,.0053787921,3.4355929,.19743393,.030522883,.1360956,.29594916,12.557735
231200,.029101979,.45317283,2.7786644,10.045355,.23693332,.36478335,.00056177255,1.3295455,.035984848,.0037317346,3.990665,.10328897,.028512832,.075548917,.53606564,13.174357
232700,,,,,,,,,,,,,,,,17.079584
310000,2.0281596,.39263245,8.4446774,11.662707,.31527144,.68058568,.040296867,188.49341,14.760182,.015894515,7.1627989,.89415139,.56793946,1.039206,.82358021,20.869377
320100,2.0129347,.47312295,6.655026,11.766176,.39399999,.58273333,.020027734,121.60352,16.370176,.0096041672,6.3738699,.88338411,.39611369,.58271074,1.0149345,18.810907
320200,1.8348382,.3197228,7.2746038,11.891413,.48965001,.49581668,.028649729,174.44397,9.4392214,.0081982501,5.9281816,.77250218,.42773098,.63376027,1.2706184,18.194548
320300,.88754678,.43594238,4.1755214,11.103992,.43756667,.46743333,,32.528393,2.0269208,.0030757803,5.4558916,.22726037,.084219404,.16513532,.1297863,16.123114
320400,1.7339045,.36576799,5.7562513,11.726376,.48148334,.49228334,,,7.1311426,.0086299144,5.6362133,.74906588,.30236501,.49599883,.93669939,18.49032
320500,1.9965984,.31929249,8.2578373,11.909168,.48968333,.4966,.022716003,230.02171,14.58401,.0057194605,6.5959439,1.076105,.61059231,.90717196,1.3068948,19.055555
320600,1.2202644,.37722847,4.5718398,11.450658,.48831666,.45613334,.024208281,73.024872,3.1190453,.0046588969,5.7460074,.41033629,.13761325,.25979912,.50729573,15.90788
320700,.53778088,.3841072,3.3746946,10.858895,.44338334,.42843333,,,.92630345,.01850694,4.6174188,.19226731,.074795142,.14983667,.05655735,15.58374
320800,.65364981,.36438367,3.8293924,10.998687,.42993334,.45984998,,,.77892685,.0035688367,4.9973593,.26447961,.11078257,.15931913,.10036873,13.464914
320900,.65820754,.35064968,3.8656492,11.030981,.44998333,.42986667,.01980048,41.564163,1.7532934,.0022621492,5.2660503,.23501149,.088850789,.16653343,.10753843,13.024507
321000,1.0533928,.29740968,3.7878914,11.500008,.49673334,.44541666,,73.463043,2.6802621,.0074615208,5.406342,.48589832,.14284682,.28113836,.56816536,14.225727
321100,1.4406253,.31492865,4.4439163,11.660413,.49759999,.46518332,.022555606,115.91882,9.5626764,.0052770525,4.9415569,.51975399,.19086167,.34249288,.79288763,19.209885
321200,.76867521,.26704663,3.9563611,11.363036,.49305001,.44693333,.023601158,60.813862,2.1426387,.0032721243,5.3545804,.4203423,.1290063,.26131421,.39174932,14.37039
321300,.1975596,.31073397,4.1813636,10.754054,.47064999,.40973336,.014373749,22.548223,.37994561,.002009182,4.9080644,.2325929,.054985996,.10849718,.054813836,14.461691
330100,1.8967198,.44052875,8.5550432,11.740969,.37753332,.59563333,.032994315,155.83075,13.711685,.0056378241,6.2935119,.73391122,.52285373,.80718607,.95141155,15.005397
330200,1.7869265,.39396,5.5336843,11.680099,.51130003,.45523334,.025804317,182.64803,8.7182722,.011154572,6.0159335,.70630455,.44255975,.67626065,.83798689,16.959755
330300,1.2485373,.56256258,4.2219601,10.939492,.44098336,.53266668,.019635178,82.979027,4.0403681,.0037253636,5.8822446,.44279334,.14041461,.29029578,.047056518,15.019235
330400,1.5210351,.40471753,6.1615839,11.407252,.5356167,.42880002,.028898312,155.00122,6.170712,.0077214502,5.0789666,.46090099,.34830806,.67012203,.42232978,21.803793
330500,1.3868592,.45934975,5.0558662,11.278273,.49878332,.44531667,.027175751,110.88007,6.5924425,.0059491778,4.914537,.52720046,.25931406,.53501308,.27585629,18.109251
330600,1.3771034,.36904064,4.9432158,11.488064,.50263333,.45498332,.024545139,124.56326,6.4596558,.008904567,5.5202565,.56309193,.27437511,.51264387,.52012312,14.871171
330700,1.3962499,.5355351,5.4320869,11.120676,.44796667,.5124833,.017068584,89.319885,3.2892823,.004901242,5.7995629,.69950092,.17268389,.40731424,.13078734,14.66367
330800,.84695613,.47390497,4.3923631,10.927801,.46811667,.46401668,.014409333,38.688629,2.2390182,.004873171,4.1760936,.25681347,.10936593,.34695113,.059400961,15.447435
330900,1.5318971,.38830364,5.3706212,11.538893,.39253333,.50389999,.0090978015,57.697594,5.4604812,.0089394562,3.8197808,.4859226,.22746012,.49419159,.59426999,19.074116
331000,1.1914637,.49523643,4.0245228,11.09607,.45438334,.48386666,.017531525,77.941322,4.2286139,.0040719043,5.3088379,.33729091,.16282237,.24658428,.13043308,14.130584
331100,.75221997,.47451937,4.3773808,10.893665,.44898331,.47308332,.014423904,38.764133,1.2212632,.0036252693,4.0488553,.21778381,.086219184,.26701197,.046761613,12.985548
340100,1.1872653,.37852329,5.9618549,11.320179,.49386668,.4632,.032070458,118.16986,7.2564011,.014554737,5.7503028,.42914623,.18356924,.27909368,.33507752,17.215799
340200,.79079634,.31581682,4.4813461,11.208324,.57326663,.37853333,.029891331,83.445526,6.7505655,.0043468834,4.6793065,.27897707,.10623483,.22274776,.22166607,18.241768
340300,.56353557,.4734166,4.4144225,10.639658,.46759999,.38975,.022456814,36.540417,1.5152192,.0045557478,4.0094619,.14739245,.059600029,.1510442,.074205287,14.897095
340400,.35603002,.50055695,3.8928852,10.357068,.50336665,.39271668,.011928231,16.34359,.98815441,.007651519,4.0105138,.16976756,.090140432,.20110624,.1851518,15.061062
340500,.72906655,.30274239,3.4124367,11.144256,.56910002,.377,.025642542,60.253277,4.793304,.0085261818,4.1296964,.27525496,.11266481,.24748006,.16384843,19.27862
340600,.3125529,.35265404,4.6848426,10.562319,.57069999,.35533333,.014100952,38.843792,1.0257828,.0089281192,4.1144047,.28372362,.11708396,.23222752,.061003905,18.468048
340700,.81616133,.29576227,5.3609428,11.177268,.61538333,.34563333,.024390265,55.138401,1.4191033,.0086009651,3.5565071,.30322143,.15073192,.37869775,.20291448,11.930309
340800,.22150037,.42342958,3.057621,10.433212,.49756664,.38046667,.009825605,16.649244,.73623091,.0028614136,4.3171377,.12885845,.045306157,.10069193,.17234354,11.611932
341000,.73204303,.52487588,4.4393935,10.651943,.40133336,.5022167,.010192608,26.776073,.9399752,.0036605285,3.5936852,.24809615,.068537265,.15551713,.046287477,10.506836
341100,.17898168,.35174096,3.2974613,10.532107,.51708329,.33219999,.019075423,29.576607,1.6219006,.002252006,4.5009398,.19984724,.050259605,.11639195,.15577652,15.345351
341200,-.27126837,.54295194,2.875633,9.7972622,.40693334,.38686669,.0084316544,5.8393011,.45294276,.00056380336,4.830018,.12487741,.024511371,.042752203,1.0638686,18.428387
341300,-.28916994,.36156973,2.6716135,10.088678,.38756666,.41478333,.0053108847,5.4233809,.42555469,.0016959129,4.2425423,.10835423,.029552955,.062201437,.52264255,16.424801
341500,-.10533117,.49393886,2.465683,10.023002,.43649998,.38904998,.0093085896,10.634048,.46585992,.0022381067,4.1404033,.10965759,.029589739,.070758276,.62595218,12.477846
341600,-.24060263,.46910191,2.2898357,9.9329157,.38725001,.41748333,.0054820627,5.5078125,.63115203,.00098944176,4.2228494,.1079094,.024120441,.049258713,.78500026,16.674973
341700,.3240329,.37711945,3.556288,10.612523,.45381668,.42296669,.011108753,19.065844,.65432096,.0040662596,3.5822315,.22597468,.048335217,.089570142,.064742565,11.025069
341800,.48133034,.41298491,3.7613854,10.639135,.49358335,.38728333,.01687004,37.692928,2.1399941,.0035808971,4.1225452,.22470769,.055226143,.13983065,.060993627,14.188899
350100,1.6757349,.57248825,4.5243721,11.365419,.43013334,.49615002,.022234973,97.370132,4.2825556,.0049704625,5.7132831,.44606248,.17380542,.25416839,.38584572,16.754765
350200,1.7960695,.33754158,6.2994223,11.533046,.4325,.5611167,.031007484,269.39526,9.8160753,.012504615,5.8060246,1.4989262,.88968211,1.1017252,.61009192,16.273684
350300,.66349,.38475722,3.5967741,11.045857,.55566669,.37838334,.012740365,20.211454,.40742975,.0022476704,4.7506475,.34378186,.074797742,.10728659,.13368033,16.088331
350400,.56692046,.26329273,4.1415014,11.222814,.52071667,.34003332,.010667004,26.951452,.42847705,.93287843,4.2299552,.24336275,.098799244,.15926431,.24303401,12.096661
350500,1.3632573,.41764647,4.1124115,11.330055,.59799999,.37406665,.011677076,49.069988,5.7176461,.0028105185,5.6560206,.39105853,.090332903,.15964246,.33891115,16.190851
350600,.62418193,.3048647,3.7160342,11.052833,.48416668,.38679999,.015070119,43.508923,.55523092,.0024093259,4.6469965,.20779642,.075834177,.13804317,.12980519,17.819658
350700,.55070674,.37355295,4.396606,10.901924,.42988333,.36833334,.010864573,22.903568,.42407128,.0058492315,4.253171,.22405598,.095357336,.13886945,.069325686,11.719098
350800,.86298162,.38199848,5.1068745,11.200351,.50811666,.37871665,.01801734,34.571434,.66318434,.005302418,4.1923041,.21235967,.10933322,.15445545,.23391016,12.988598
350900,.39822719,.31519356,3.2460184,10.936364,.50636667,.33031666,.019299708,25.685562,.80235696,.0030600252,4.455277,.24886183,.058922268,.14397947,.089126945,13.523568
360100,1.2023058,.39457977,5.2673912,11.303102,.52635002,.43196666,,35.746666,2.1674976,.009997014,5.3995876,.4259882,.11732236,.23663644,.30125967,12.557709
360200,.54878449,.35958204,4.3649211,10.780955,.53390002,.39405,.017644498,27.323807,.54399735,.010494825,3.7113342,.24359033,.079654001,.22392924,.0078798085,12.558897
360300,.46053025,.33422929,4.4448981,10.747244,.53501666,.39898333,.010823443,16.942499,.49833333,.0081696631,4.0778341,.29820895,.078037366,.23439069,.011075143,13.759403
360400,.24351907,.30485201,3.5522776,10.719051,.5259167,.4003,,12.842308,.23081161,.0030580997,4.6639485,.20547837,.067067169,.14593162,.057677399,12.19287
360500,.63846046,.24223453,3.8596869,11.302279,.53313333,.40713334,,40.950821,.46598908,.010304002,3.5064836,.27233478,.090007976,.22448005,.2848689,12.438996
360600,.38183782,.26150325,3.9890647,11.003914,.58321667,.34189996,,35.125,.4332203,.0076860306,3.5541258,.27717116,.066822745,.13446029,.085175507,13.15468
360700,-.15683852,.36439371,3.5674314,10.178516,.43178332,.42758334,,6.765914,.37789917,.0035706291,4.995872,.15996201,.037657499,.090208545,.41481805,12.561859
360800,-.20951377,.28668562,3.3966925,10.309072,.48481664,.36830002,,12.714552,.23217043,.0045059915,4.459712,.1653076,.042824555,.10784218,.25518766,11.374722
360900,-.021517513,.31560513,3.1116636,10.406301,.48876667,.37193334,.000072402814,15.294847,.30417654,.0046236129,4.7936258,.20985357,.044252466,.13058922,.18138365,12.387077
361000,.080686837,.37543812,2.6510644,10.303813,.46838331,.37238333,.011337865,12.242641,.28233698,.0051190685,4.6100078,.24070287,.049465131,.11183585,.24755086,11.15942
361100,-.11914965,.37037697,3.0760913,10.200135,.46968335,.4018833,.008369877,6.8773947,.10223313,.0035988325,4.6750045,.13880695,.038141437,.089700282,.3742516,12.353675
370100,1.744897,.55452275,7.2070227,11.44196,.37183332,.58244997,.02544116,122.82838,7.1189923,.0052007004,5.8167591,.5159061,.21814652,.3642728,.4566837,14.247393
370200,1.6206483,.40302756,5.9390173,11.621046,.41856667,.54351664,.025487708,105.57848,8.2026978,.0095230658,6.0835934,.56446105,.25152206,.42883438,.72835255,14.122123
370300,1.5387437,.47756776,5.7939596,11.430191,.53556669,.42943335,.026696464,85.660233,2.5464325,.0071889991,4.8465214,.29644683,.18608971,.3640503,.44110161,13.89139
370400,.7103647,.41402891,4.2431049,10.865815,.51536667,.40678334,.016367834,23.395554,.59710306,.0048729647,4.4896045,.21857896,.1023289,.16865653,.02192512,14.742456
370500,1.3761902,.22200291,6.049057,12.021179,.6376,.32503334,.021305123,65.075005,2.1994641,.0061390367,4.1659884,.33566263,.1426207,.43462077,1.5673112,14.466754
370600,1.435551,.40542179,5.3274517,11.484942,.5,.43016666,.022081474,63.014301,2.0444212,.0079223774,5.3056021,.30853388,.16973786,.34911516,.51515788,14.569333
370700,.95372689,.44253021,4.9425421,10.964037,.47321665,.43616667,.022316543,38.122559,1.6507369,.0043022656,4.949399,.15684704,.10467204,.22063559,.044820715,13.630765
370800,.81488496,.47074971,4.6361475,10.82641,.46388334,.42393333,.017530542,26.521717,.64806283,.0036247233,4.8524752,.14660847,.091859825,.19178629,.014858996,13.344126
370900,.90176302,.449568,4.5792794,10.934066,.45139998,.45916665,.023383128,43.503716,.78911495,.0040804814,4.8341751,.2262781,.1075523,.21074879,.037623052,14.232078
371000,1.6357782,.42730448,6.0557232,11.614987,.46220002,.45903334,.021340374,85.687538,2.2712791,.0034783545,4.4730868,.34304753,.22027476,.45184201,.7171244,14.060921
371100,.72593802,.34358034,3.6080334,11.039765,.48263335,.43381667,.022336649,36.930439,.81686127,.0040830523,3.8545623,.15753944,.087352023,.16994752,.085193291,14.531012
371300,.67678756,.56009847,3.9475243,10.553362,.43748334,.47273332,.020510456,20.260653,.4496555,.0021341187,5.2829661,.1828275,.052775107,.1112489,.063170694,15.243699
371400,.75857633,.4392468,3.3580911,10.820112,.48323333,.41385001,.020329587,31.300112,.49446237,.003171494,4.3995247,.13837661,.062848881,.2423881,.011961998,15.023198
371500,.58794379,.42985144,4.0313244,10.70258,.48431665,.39633334,.019786121,22.824488,.55399519,.0039811889,4.3220363,.12092229,.054498117,.12090222,.017882099,14.714767
371600,.73659444,.33950466,4.482584,11.041566,.47326666,.43355,.024250573,46.877354,.80651462,.003128127,4.4127955,.21101528,.1037379,.24551105,.075210571,13.685782
371700,.38206965,.56441724,3.559998,10.305735,.50931662,.38126665,.0096036978,9.0909061,.21337238,.0018209327,4.5436678,.09392006,.036516011,.093842737,.25189707,13.151299
410100,1.4324708,.43868786,8.9511147,11.360442,.47870001,.50263333,.018655477,100.36007,13.055301,.006552978,5.8664808,.41113028,.20304576,.18192519,.37415421,18.189495
410200,.33303592,.44455785,3.9272726,10.530305,.41796666,.41396669,.010273921,16.156912,.34166631,.0041687172,4.444798,.15579963,.048703868,.10869687,.10771465,12.159064
410300,.89384764,.45510292,5.0939245,10.956435,.49233332,.44448334,.021741893,47.123699,1.9081752,.0077223694,5.0626822,.21852338,.088041864,.17566796,.059455317,13.078091
410400,.28686658,.40094975,4.4311976,10.519876,.51160002,.39676666,.014751939,23.163292,1.0065658,.0036724482,4.4572649,.15446167,.08528734,.16938819,.087992854,15.883215
410500,.16084793,.36069533,3.7342045,10.558882,.49795002,.39934999,.0098422142,12.835025,.30052203,.0046502682,4.6093946,.1638595,.067845136,.11097619,.071385518,15.168821
410600,.19256838,.26596546,4.5305004,10.773206,.6548,.26316667,.0067667449,20.98163,.33018002,.0029148501,3.6903164,.23731428,.085449494,.12776576,.021342278,14.018771
410700,.2360047,.37156597,4.4763684,10.541347,.51038331,.38446668,.020905018,35.324753,.94396013,.0058824648,4.8027129,.19359551,.071353972,.1404936,.084736392,13.895922
410800,.60833162,.3230761,4.7001653,10.989863,.5974167,.33621666,.017571798,46.082268,1.1138796,.0070291851,4.4625516,.23466787,.096064113,.15921606,.070828348,16.04738
410900,.17790167,.36397973,3.8357785,10.554313,.53684998,.34536666,.0092294822,13.075088,.97407973,.0036517386,4.3399749,.1797466,.071226202,.084468916,.076250605,16.133736
411000,.4038814,.31950602,3.472991,10.883902,.60153335,.32541668,.019249942,26.167351,.91348451,.0061215754,4.4335022,.16804442,.055062428,.10040279,.042909946,14.132294
411100,.57727957,.43491131,4.2891941,10.637945,.6049667,.29001665,.0091964072,17.659195,1.0683194,.0026133857,4.0395675,.22138445,.066130251,.1743556,.053073455,14.309114
411200,.62548029,.31885588,5.2954173,10.991572,.57828331,.33278334,.010826892,24.143623,.27119559,.0035799602,3.8228323,.20151912,.10183243,.16540468,.054716282,13.701355
411300,.33526385,.54376006,3.3089359,10.314421,.43291667,.40175,.0098862359,13.497315,.30288085,.0031017032,5.038249,.12865099,.052522965,.078955866,.24343076,14.039636
411400,-.055393733,.45445246,2.8745215,10.19931,.42614999,.38168332,.0084163118,9.6822548,.10058101,.002674279,4.8941979,.13986902,.036563188,.065901726,.39805925,17.740589
411500,.024543997,.44993567,2.4875853,10.333243,.39315,.38295001,.0047953436,6.2641115,.24638997,.00098099466,4.6368237,.11506139,.038676254,.067400396,.25514087,13.043669
411600,-.12052454,.47382623,2.6428487,10.145204,.47066668,.32696664,.0040914346,4.2940688,.058024008,.0026262167,4.874208,.10674745,.031335369,.055117309,.45580012,17.980803
411700,-.12454502,.41407055,3.1460178,10.236388,.40606666,.38278332,.0046456573,5.2149777,.088603169,.0015891237,4.7957463,.12950855,.041632071,.062948316,.34727213,17.857643
419001,,,,,,,,,,,,,,,,14.290185
420100,1.8751962,.45824233,8.6513186,11.672265,.44256666,.52656668,.025487304,97.285065,18.832352,.011784247,6.0880609,.51818138,.23774275,.52784252,.82529271,18.818226
420200,.8775925,.47217822,4.9166336,10.921005,.56788331,.35473335,.018289423,36.543232,.48237211,.0081113037,4.4374256,.32382807,.10411025,.21423262,.046671171,14.107982
420300,.74420178,.50312978,6.4489145,10.662538,.48371667,.40351668,.018150723,29.32283,.24829115,.0096646445,4.8404918,.36524317,.076871544,.16226612,.054639924,8.5932503
420500,1.1142573,.33609331,5.762332,11.379983,.5564,.33746666,.019169096,60.542526,1.6554209,.0061351177,5.3860717,.55841798,.13058673,.24212827,.38656279,9.7894735
420600,.79543698,.35684988,4.6453009,11.081175,.54508334,.33978334,.018019227,41.47094,.64033633,.0061108372,4.9991779,.2507419,.071416147,.16228354,.12832357,10.582006
420700,.98289216,.35889205,4.3024306,11.25256,.55241668,.33721665,.011591894,27.862558,.51163661,.0055942116,3.5027423,.30023098,.074076667,.15067157,.26963302,18.141922
420800,.70853865,.39281866,4.7528358,10.877717,.51821667,.34244999,.017976496,46.174603,.87619412,.0049946303,4.3659439,.26577243,.063947268,.1556025,.044173229,9.9843225
420900,.50986344,.5365811,3.1845715,10.398163,.47530001,.35406667,.016796643,30.451962,.62448955,.0047939532,5.0512247,.30430344,.046200506,.12174177,.18475543,15.315557
421000,.49870729,.60244387,3.5559981,10.328292,.42716667,.35883331,.0085324785,9.8598127,.38475099,.0065326476,4.9793296,.23359381,.050753493,.14084674,.25684616,12.197512
421100,.23947096,.54407114,3.5132966,10.1995,.39116669,.38571668,.0068756458,9.1246367,.16538581,.0027640616,4.4852896,.12161415,.029892661,.082334191,.37825972,12.610073
421200,.39077881,.39045069,3.6324041,10.698604,.47835001,.36039999,.0062472033,43.315628,.2559678,.003952364,3.9192657,.16787173,.048167594,.11276617,.058382429,11.278734
421300,.56598622,.51699293,3.3771467,10.552457,.47776669,.35913333,.0081469817,8.1924343,.13735603,.0019788784,4.2561946,.28493446,.032780379,.083049878,.09530969,12.741448
422800,,,,,,,,,,,,,,,,7.1113563
429004,,,,,,,,,,,,,,,,10.861169
429005,,,,,,,,,,,,,,,,12.212824
429006,,,,,,,,,,,,,,,,10.261023
429021,,,,,,,,,,,,,,,,7.1836734
430100,1.7367358,.42876238,8.601593,11.717367,.48206666,.48109999,.025256008,139.0757,6.8567581,.0067383922,5.5972447,.3927913,.18813789,.30519441,.90104407,15.493908
430200,.81509417,.3754054,5.8011274,11.011353,.53071666,.39306667,.024714014,57.443161,4.9543018,.004941721,4.7589216,.29073951,.092456065,.19280909,.0723029,11.577857
430300,.66581702,.30741942,5.3262696,11.074513,.53439999,.39046669,.020124258,56.17659,1.9111921,.0072283158,4.0332966,.19612931,.11304254,.19126371,.11407363,13.327666
430400,.31409732,.40082797,4.1543145,10.525227,.41126668,.44999999,.010097872,13.045416,.42787156,.0057452363,5.031414,.19282016,.075153463,.15591264,.087223746,12.638516
430500,-.033481803,.52698666,3.7896867,9.9304371,.35341668,.44683334,.010759786,7.307198,.095971115,.0025075853,4.7856803,.14613728,.036847822,.080025762,.75905913,10.815994
430600,.68169624,.37124309,3.8526995,10.88586,.48081666,.41336668,.017107693,26.502518,.34590518,.0062481053,4.8175349,.2190796,.065581404,.13688557,.028069604,12.440536
430700,.53501594,.35822633,4.2611308,10.809915,.43798333,.43701667,.0073945182,11.715705,.35381892,.0048568086,5.0258069,.25154126,.048828688,.093352191,.028180862,12.31951
430800,.10590494,.39780706,3.9711237,10.334129,.21028331,.67343336,.0037166325,6.2033181,.16105117,.0030256938,2.962558,.11449377,.05989328,.073891059,.22667226,9.3390379
430900,.2072497,.40414229,3.8504562,10.399184,.41926667,.40719998,.015492494,20.775957,.35379091,.003543413,4.0103168,.11554401,.04484814,.097267114,.17342861,11.961348
431000,.50496262,.419563,4.7160487,10.687832,.50711668,.3973,.011486755,13.792064,.33685112,.0062934053,4.532887,.17705737,.056032274,.12437403,.027215885,10.403349
431100,-.12077869,.36861271,4.3677931,10.231956,.3531,.4461,.011586665,10.457305,.12121744,.0035114691,4.2732453,.11559954,.044747412,.09466368,.33490461,11.924223
431200,.024172038,.39792445,4.9972,10.210976,.37625,.48391667,.015630104,12.003118,.17382742,.0072688432,4.4638524,.16801383,.0559812,.10133405,.33255032,10.324348
431300,.05192709,.34865493,4.0777512,10.446353,.48348334,.38503331,.014473738,9.3787069,.21628827,.0051063825,3.9744759,.11864875,.073425271,.1046945,.12954968,11.560374
433100,,,,,,,,,,,,,,,,8.3565044
440100,2.2488117,.42958885,8.9110346,11.916563,.30501667,.68279999,.01588385,143.17149,11.617493,.0056448793,6.5280685,.7934978,.58377868,.82231331,1.3186157,18.6187
440200,.55804795,.49118051,4.1999984,10.592381,.37371665,.49733332,.011710383,20.324856,.45978415,.0038806351,4.1801291,.19782767,.089485921,.2674531,.046430875,16.109264
440300,2.6702552,.29139453,9.1763239,12.019897,.412,.58745003,.043438643,646.82532,45.873501,.010762713,6.8849235,2.4767869,2.6204755,2.8561859,1.5773283,18.271605
440400,2.0918307,.41249219,6.9039011,11.879097,.48874998,.49035001,.025102049,233.26891,24.342691,.0094530005,4.674376,.91214293,.8113091,1.192439,1.2407494,20.189112
440500,.97834235,.71424663,2.7357924,10.529115,.50858331,.44118333,.0082155876,20.497345,.65845495,.0030896261,,,.13908242,.20200756,.090050556,23
440600,1.961961,.33716929,7.6880713,11.635772,.59428334,.38890001,.024858551,222.90939,11.060893,.0056214393,5.7303543,.75374085,.58081329,.79646391,.76260561,21.061687
440700,1.0392586,.45437932,4.1499472,10.921291,.47871667,.44353333,.019117888,61.770203,1.6297783,.0063310927,5.0018063,.37911808,.20021287,.34486744,.038795117,21.884682
440800,.51525944,.5423122,3.2395806,10.458624,.37658334,.4323,,,.24306738,.0024902271,4.8306251,.15681359,.048788782,.082192436,.12466533,22.05822
440900,.48416081,.48293981,2.846519,10.645186,.39489999,.44021666,.0061183441,9.7288561,.13530132,.0035083876,4.4243779,.10644065,.034652345,.16386677,.050286677,19.691
441200,.46052605,.35167515,3.0318179,10.793749,.45370001,.39068332,.010319733,31.524445,.58515823,.0027706176,4.492044,.20523864,.10337438,.25548226,.012082309,17.741119
441300,1.215937,.36016652,4.6934123,11.230988,.54646665,.40541667,.021923443,124.43632,3.9519107,.0057525137,5.389266,.60150534,.35309291,.44241479,.22160496,20.028217
441400,.1100781,.605165,2.4599571,10.016269,.34808335,.45883334,.0028288295,5.8372297,.48294321,.0025099495,3.8593049,.087835409,.052691218,.19087689,.60507858,18.544962
441500,.31879807,.60541493,1.9607025,10.197043,.44204998,.40591669,.0064403946,6.1633019,.17811772,.0035809844,3.9870732,.1526318,.055335954,.19283164,.36719188,22.249647
441600,.20045219,.52996624,2.4737403,10.231629,.43108332,.45499998,.000030555555,.075067021,.22698839,.0025231517,4.0839267,.16452202,.0757154,.086147338,.32948676,16.170973
441700,.7071225,.48555663,3.4056933,10.780901,.42074999,.40581667,.007704678,7.242424,.13466331,.0042112507,3.8988738,.16800134,.065948725,.19573763,.013959283,19.371901
441800,.33494401,.43920028,2.9974406,10.471872,.37180001,.47693333,.005781604,11.709382,.41344503,.003098605,4.3225513,.17662174,.089492522,.25848123,.11476817,17.175331
441900,2.4167027,.33598629,13.400903,11.327477,.48605001,.51061666,.10242203,476.52097,28.130156,.0053767823,6.2806721,2.6665602,1.9062859,2.8690302,.34457752,18.914286
442000,1.9758466,.38719031,8.5387926,11.442556,.52576667,.45266667,.020080203,235.41695,32.526321,.0061468338,5.2387958,1.1421016,.89685702,1.2471085,.46928704,20.84375
445100,.53604639,.49330401,2.0534573,10.478765,.52138335,.40403333,.0059502763,13.951087,.30434781,.002951432,3.6976337,.14878325,.12554429,.24412224,.10069699,18.910673
445200,.273532,.47962767,1.9399779,10.34714,.55213332,.35911667,.0073852921,9.235692,.098811775,.0013061368,4.4194517,.12068415,.03287283,.15799308,.19805022,20.091038
445300,.073392928,.42707551,2.3987045,10.299724,.39995003,.39740002,.0017002326,2.7012239,.14186047,.0018883728,3.7464969,.14326228,.059837081,.19809599,.25348356,19.161478
450100,.93634003,.5273391,4.9202342,10.834742,.35163334,.53586668,.011626463,32.169701,1.3173916,.00395751,5.2950854,.26858824,.069102474,.14849019,.027505068,16.363754
450200,.98917437,.40841776,5.0822701,11.073744,.56115001,.3669,.018976197,51.074055,1.8311679,.0072193644,4.8776536,.34227955,.10375486,.24367574,.107116,11.605479
450300,.42233929,.42032033,3.2200134,10.560534,.39956665,.41111666,.007257998,21.500175,1.3795763,.0045910007,4.3977814,.15893047,.062195562,.13793316,.052725844,12.905943
450400,.13999173,.37331894,3.2546165,10.459686,.5291,.34490001,.0032410226,9.7205286,.3826302,.0035097674,3.7773311,.12729777,.040649708,.10409053,.11514698,13.028453
450500,.24523041,.21946429,3.9277735,11.025386,.49436668,.33029997,.0028910108,3.4604571,.93107784,.0042953962,3.8451793,.27315453,.066385984,.12944785,.10119876,19.535868
450600,.14001416,.17315102,3.3982239,11.148931,.54118335,.32721668,.010424333,10.648418,.38227099,.0032038915,3.0857317,.22673476,.069619589,.14009304,.1515049,13.395802
450700,-.13227826,.33670416,2.7984385,10.36922,.40070003,.38568336,.0031506168,3.9401026,.14264858,.0023624678,3.5966918,.093320951,.022086198,.065215804,.2299978,16.211357
450800,-.29537016,.42751715,2.2963722,9.9822397,.40228334,.40491664,.0013670393,1.3184338,.092192821,.0013510954,3.9641271,.10055608,.018891649,.050582442,.67783672,15.874641
450900,-.11738784,.42815205,2.6059923,10.136556,.39539999,.41951665,.0020373389,2.5209868,.22958529,.002134264,4.3612165,.11342967,.02303105,.06149172,.43546522,15.413638
451000,-.50709617,.23600681,3.3069561,10.277438,.5017333,.32231668,.0024650148,4.0730615,.17238291,.0022869958,3.8961604,.11929192,.031699933,.084938563,.2863147,10.019006
451100,-.43579167,.30022714,2.7062628,10.131197,.40101671,.38835001,.0013553696,2.4491413,.24493732,.002945655,3.3324461,.11766233,.032870512,.069794752,.44683945,12.610033
451200,-.46034622,.39725608,3.3033965,9.8474236,.3211,.45256665,.0034815718,2.2952983,.20045419,.0023505685,3.8296549,.10883515,.029852159,.07191471,.89657259,8.8922911
451300,-.55539519,.25539237,2.9864912,10.19275,.37138337,.38071668,.00081976369,2.6108191,.19597733,.0027734723,3.739979,.1594789,.031234607,.06600289,.35559794,13.714997
451400,-.6426217,.175359,2.5293353,10.478818,.39715001,.37979999,.0028023266,5.4079895,.19457144,.0025344337,3.4068158,.12147691,.032525849,.085068978,.13296583,10.966803
460100,1.3334776,.51234937,7.8993745,10.980631,.19418333,.75566667,.0090218307,51.672527,1.7636075,.0057649426,4.8743634,.76986915,.27030849,.29233855,.057535969,18.215097
460200,1.2017461,.40651843,5.3730493,11.113876,.19643335,.67543328,.0059063402,29.614059,1.0410167,.0059078834,3.4841583,.55820423,.33836585,.4396832,.13824916,20.447853
460400,-.14244588,.2889162,3.5816188,10.369616,.12162502,.46480006,.019298516,14.421264,.70150429,.0020527416,2.4714272,.12331656,.053512149,.1279723,.18480323,23.098639
469001,,,,,,,,,,,,,,,,16.984127
469002,,,,,,,,,,,,,,,,19.894056
469005,,,,,,,,,,,,,,,,23.687107
469006,,,,,,,,,,,,,,,,19.049181
469007,,,,,,,,,,,,,,,,19.169355
469021,,,,,,,,,,,,,,,,19.94425
469022,,,,,,,,,,,,,,,,17.67033
469023,,,,,,,,,,,,,,,,18.676605
469024,,,,,,,,,,,,,,,,25.289156
469025,,,,,,,,,,,,,,,,16.256098
469026,,,,,,,,,,,,,,,,18.316771
469027,,,,,,,,,,,,,,,,16.95783
469028,,,,,,,,,,,,,,,,21.173914
469029,,,,,,,,,,,,,,,,14.913043
469030,,,,,,,,,,,,,,,,13.210784
500000,.74163413,.4115164,4.6867352,10.933595,.44450605,.48415193,.019421704,41.662605,1.9287897,.0042268313,7.1599526,.38455904,.13435003,.29678452,.071535833,8.5492659
510100,1.4282054,.45416498,8.6653271,11.321226,.41793334,.54575002,.025339864,96.1838,5.7710977,.013054825,6.2608228,.39754397,.28867701,.48816967,.31729382,12.116621
510300,.50314432,.44319552,5.042675,10.650625,.53546667,.34721667,.0079277288,17.543873,.60082048,.006985445,4.0911083,.18397775,.042273469,.13811098,.038756616,9.2091026
510400,1.0203379,.31247377,8.5184641,11.300484,.67756665,.27904999,.010229286,28.139511,3.0469475,.012256795,3.8358798,.42180681,.17971504,.38624719,.28965667,14.684978
510500,.22018966,.42768881,4.3682261,10.429589,.56693333,.31238332,.0067321537,11.526912,.22561604,.0029132213,4.3694568,.15781629,.046333328,.10680015,.16742225,10.115326
510600,.55192161,.37708107,4.5907555,10.823065,.54853332,.32875001,.027285622,40.317593,.86429942,.0050284523,4.116086,.15850735,.085371546,.20413947,.042718343,12.189822
510700,.56603545,.49692902,5.278379,10.58048,.46896666,.38708332,.065568998,68.066872,2.4105453,.0055838819,4.5929356,.18246992,.059938099,.14703768,.09327209,9.2442398
510800,.064442672,.48128816,5.3708954,10.131989,.45934999,.37616664,.0048543159,7.4762201,.37234646,.0053996225,3.765173,.1426125,.048997849,.12156776,.46070039,7.8143754
510900,.19783676,.45334619,4.0249319,10.313136,.51899999,.32559997,.0060729082,12.569884,.24184059,.010859299,3.8201818,.12476584,.027689435,.18821731,.27181199,13.089538
511000,.062593482,.35425347,4.3416228,10.412185,.52968335,.30988333,.0040224004,2.0588236,.77150959,.0041442495,3.9847488,.13077739,.032735135,.11235438,.14954185,11.108873
511100,.50508589,.41532025,4.9707718,10.665254,.53668332,.35021669,.0090716183,14.945715,.34279671,.0066353958,3.9598563,.14903821,.060975716,.18320957,.043150451,9.7882643
511300,.041317582,.45590541,4.1103082,10.162731,.46456665,.32865,.004600815,11.395935,.094860658,.0041654385,4.7428126,.15788326,.025006566,.096939102,.42045724,12.897546
511400,.18187787,.38124502,4.0244646,10.487497,.50788331,.33786666,.010930948,15.311327,.2922197,.0039999443,3.9632344,.15563938,.039198317,.10519426,.11976151,10.472935
511500,.3007983,.43167245,4.5609865,10.529754,.55551666,.31068334,.01173666,17.905243,.82232016,.0051765628,4.4365678,.15395105,.043824073,.10450723,.12066171,9.3263054
511600,-.062725633,.41333383,3.0871975,10.343434,.47858334,.35958332,.0023425533,3.4408956,.06279064,.0022577746,4.2105994,.19589882,.024864174,.065900125,.24756701,13.462615
511700,.078949235,.48763528,3.9317045,10.169842,.4434,.35468334,.01517559,6.0812335,.090493672,.0026006796,4.5290928,.1380468,.022291461,.072238654,.4017483,9.1792526
511800,.3101829,.3855871,6.9594779,10.477265,.50366664,.34803334,.0096245818,17.234955,.41070369,.0033780155,2.716876,.097888611,.055197898,.16859318,.12127933,8.0618277
511900,-.27578527,.5241884,3.743576,9.691988,.44404998,.38671666,.0024033592,1.80902,.063100599,.0041112951,3.9647563,.14104451,.026042676,.054378595,1.2221838,8.014431
512000,-.076383077,.36721441,3.8262689,10.428647,.49883333,.31468332,.0019593004,2.9281266,.15483187,.0042466023,3.6253867,.093084581,.022752941,.082910128,.16189912,11.242921
513200,,,,,,,,,,,,,,,,9.1899014
513300,,,,,,,,,,,,,,,,15.100103
513400,,,,,,,,,,,,,,,,10.720089
520100,1.0213048,.36271542,7.4205503,11.115551,.38496667,.57321668,.015442975,71.996048,2.5578661,.0086355396,4.9985337,.37405461,.17454283,.32981136,.13962206,12.950947
520200,-.1284444,.25183374,4.1187391,10.630855,.51249999,.39606667,.0062849959,11.253496,.11146957,.0050175749,3.9008522,.14969563,.046136141,.10796155,.062473293,11.872578
520300,-.17157459,.29205862,4.4607677,10.524361,.45521998,.40218002,.0038711783,8.214222,.531178,.0028711667,4.1322432,.078878805,.040427241,.082959875,.15620564,11.854965
520400,-.49461216,.27917421,3.3656197,10.239791,.34023333,.49366674,.006043524,7.1790495,.34426603,.0027509748,3.6144283,.12504071,.035014622,.080743156,.37949184,13.318847
520500,-1.0496196,.20595075,3.7720788,10.018352,.3748,.41369998,.0025357967,2.5498779,.026914019,.0015823222,4.3678975,.088038504,.022543328,.034428008,.65411234,9.1614466
520600,-.7788927,.25160825,3.6557953,10.149672,.28378332,.4826833,.0056496398,4.7713003,.19252309,.0037370548,3.9960921,.12886925,.023425153,.049474817,.51183927,10.280705
522300,,,,,,,,,,,,,,,,11.785151
522600,,,,,,,,,,,,,,,,9.4334354
522700,,,,,,,,,,,,,,,,12.750435
530100,1.4087061,.51398563,9.1508579,11.131545,.39379999,.56005001,.012273913,54.264294,3.1099999,.0097066751,5.6425624,.51184553,.17578325,.36776248,.15451506,16.843567
530300,-.1538564,.30296385,3.8709207,10.322158,.46869999,.34845001,.0084213903,11.128964,.12900652,.0037226335,4.8090744,.18765244,.039510541,.067478538,.23127788,13.264692
530400,.47768718,.26389822,5.331872,10.97444,.53963333,.35975,.0089029735,24.191343,.40630746,.0042689815,4.1618156,.29608595,.070816346,.13623989,.06446325,16.587011
530500,-.2259587,.3360593,3.8618736,10.088286,.35916665,.38955003,.0043451739,7.3523445,.055651572,.0032977555,3.4754684,.12428288,.033540241,.069616258,.52145934,15.612238
530600,-.8946867,.31451285,3.5111065,9.5739679,.44606668,.36278328,.00031168983,.30641493,.023527581,.0022220749,3.8328078,.076161407,.020491466,.041124493,1.4784616,11.529411
530700,-.079843119,.35982275,3.9319203,10.113573,.39668337,.44938329,.0038626771,6.7723579,.081300817,.0055579371,3.0882769,.18492065,.033640373,.12405316,.47216427,13.419622
530800,-.3967554,.29632375,3.8475385,10.003983,.34311664,.38856667,.0022640673,3.2353101,.095919833,.0043219542,3.7651572,.17267875,.043081697,.089338265,.63746715,13.104815
530900,-.28893688,.3270888,3.8019147,10.004035,.35166669,.35858336,.0034884792,4.1613307,.047223043,.0039494396,3.4845755,.13847461,.038489167,.06932687,.62072277,14.394514
532300,,,,,,,,,,,,,,,,14.543986
532500,,,,,,,,,,,,,,,,14.309391
532600,,,,,,,,,,,,,,,,11.989565
532800,,,,,,,,,,,,,,,,14.969372
532900,,,,,,,,,,,,,,,,15.495728
533100,,,,,,,,,,,,,,,,15.314337
533300,,,,,,,,,,,,,,,,12.222063
533400,,,,,,,,,,,,,,,,11.856
540100,1.4151456,.52655488,5.8812504,11.079897,.38075,.58350003,.00051642116,4.0555553,,.0058396719,4.1145725,1.1073163,.052498318,.12142693,.12778863,11.481544
540200,.31297028,.44540769,2.6679547,10.363892,.3657001,.47685009,.0017561323,70.089775,,.0063291141,2.6241531,.17644826,.037358925,.064965948,.17908005,10.27808
540300,-.33824113,.28630796,2.3491263,10.162626,.4449501,.41574994,.0011170881,57.485996,.25657675,.0013029384,2.2398512,.12208539,.0281177,.054784562,.37831515,13.241627
540400,.72708386,.26884755,4.5502629,11.142118,.3802501,.54965007,.00017065529,49.055264,,.003213421,1.9940273,.37694842,.073807187,.15171307,.1393787,10.22395
540500,.43542796,.32797152,2.7404497,10.753688,.53054988,.42899999,.00083249365,2.2851851,1,.0031754232,2.1154809,.23479742,.032073651,.10275675,.0036472226,10.114385
540600,-.79542577,.17501268,2.5665956,10.238707,.27034989,.59450018,.00031000833,52.392925,.018518519,.0017505698,2.4018497,.21232709,.032152385,.066557691,.29308584,14.970315
542500,,,,,,,,,,,,,,,,15.019608
610100,1.4598236,.56530511,6.2631984,11.202056,.37351668,.58988333,.046961054,115.63812,8.758235,.013020714,5.8622174,.40414846,.18612814,.332075,.20432402,14.479245
610200,.37022111,.37297234,6.2120891,10.585643,.53496665,.39243332,.0034585707,7.1626697,.07822556,.0095114978,2.9677699,.23152153,.11609188,.2641677,.039241273,11.627635
610300,.57907724,.35606903,5.2725816,10.83668,.62963331,.28141665,.012194843,30.816027,.58425552,.0051348922,4.4306903,.22001876,.079826981,.14108108,.025515754,11.891232
610400,.22428453,.28975004,5.0483508,10.737251,.55843335,.29496667,.00478628,12.619225,1.0698811,.0054291808,4.2721519,.1455375,.07919313,.14724535,.021742446,14.55078
610500,.0066967173,.36271963,3.5658865,10.271268,.47204998,.37166667,.011726302,21.675035,.28886184,.0027763357,4.120399,.11092775,.056430943,.13314027,.26696968,13.731051
610600,.089689277,.19590072,4.7982159,10.9993,.62768334,.28216669,.007388527,4.1922541,.3618114,.0042891479,4.1638293,.27451089,.085382774,.25206232,.06895373,16.641472
610700,-.042834714,.31102073,4.8826857,10.430493,.44776666,.38024998,.0070495149,10.529009,.92990112,.0036176699,4.4182119,.22425954,.060128141,.11470634,.16638504,8.8073483
610800,.11145036,.1349901,5.7583642,11.429505,.64671665,.29785001,.001728765,3.1259742,1.6260912,.0025872483,4.154212,.17439392,.062807329,.11734051,.46020895,17.529881
610900,-.14855991,.30705291,3.9210784,10.366887,.53188336,.34263334,.0020023847,6.252398,.22964482,.0029011727,3.6019082,.12247449,.0326881,.077121936,.23574597,7.515398
611000,-.3939895,.24969499,4.5362945,10.256619,.51008332,.34745002,.0025077274,19.865612,.11020185,.0027141727,3.5593054,.1423094,.047327507,.070242658,.30117312,10.033505
620100,1.2642235,.52604973,7.2204666,11.029778,.3788,.59766668,.02015046,73.592674,2.6782966,.0053387545,5.0430551,.46606752,.16969283,.28820056,.088164888,14.72107
620200,.97570288,.26053154,7.8041458,11.449646,.6080333,.37331665,.049659267,8.4761906,1.3492063,.013672016,2.5419896,.60533398,.27845997,.46706331,.50551146,20.315475
620300,.56076163,.32864028,5.5537782,10.881649,.61051667,.3142333,.030169886,41.032127,1.1980677,.01024775,3.0251534,.44993958,.15696241,.28701553,.035700213,12.97035
620400,-.023432838,.38635239,4.1312833,10.193055,.44835001,.41313332,.011172313,10.173315,.27157834,.0030990574,3.3279059,.162698,.06852147,.14479956,.33938414,11.98694
620500,-.35995084,.45646656,3.2824678,9.727808,.32366666,.50516665,.010593239,8.44244,.11031649,.0036768389,3.7398572,.11394214,.037916336,.072264768,1.1160779,10.585728
620600,-.17624913,.36986077,4.3908391,10.075602,.33913332,.41211671,.0056736218,11.113014,.76364988,.0030186346,3.4927127,.1766755,.040322695,.083993331,.49508297,10.653318
620700,.17055622,.40565717,5.2074523,10.346388,.27815005,.47338331,.012693465,16.068703,1.2239186,.019473966,3.0775161,.16639519,.058557145,.11354657,.19237816,11.67995
620800,-.27163821,.48463011,5.2306314,9.7683973,.3082667,.45191666,.00099135435,4.7777777,.24074075,.00420168,3.575094,.15472838,.037486326,.06317047,1.0216025,10.863101
620900,.55885732,.31979007,5.2265096,10.874944,.41329998,.45461664,.052386228,17.030304,.23232323,.0049578086,3.2348347,.24171408,.07109037,.13668525,.013504496,14.945007
621000,-.28112707,.32052681,3.1757975,10.239495,.53413332,.34311667,.0011167905,5.3061728,.05802469,.0058859047,3.4351296,.11581663,.030891096,.060690522,.29794994,15.156215
621100,-.96336174,.35894883,4.008008,9.3417912,.22075005,.54446661,.0029827596,1.8467373,.10431141,.0019636883,3.6355281,.13179217,.029162694,.059680033,2.0756402,11.05761
621200,-1.0893083,.29425967,3.0101213,9.43466,.24074998,.54191667,.0010045026,1.2810813,.054519471,.0015799287,3.0253232,.072494403,.016822407,.056900736,1.833584,7.108026
622900,,,,,,,,,,,,,,,,13.216438
623000,,,,,,,,,,,,,,,,9.7517424
630100,.84582525,.41190788,8.5948162,10.838034,.44088331,.52393335,.012853916,,1.4935468,.011918144,4.2430301,.33630902,.090155527,.1190462,.012367264,14.465485
630200,-.68085933,.21241681,2.6824303,10.218174,.47586662,.38299999,.0011879196,1.2122821,.19752319,.016408952,2.9955819,.11893271,.026619121,.051332217,.3320705,10.963964
632200,,,,,,,,,,,,,,,,13.494554
632300,,,,,,,,,,,,,,,,13.286624
632500,1.0377173,.46665365,6.0434556,10.965332,.20590001,.70059997,,,,.0015050368,5.1064367,.65890402,.25565919,.31282392,.036799259,12.347979
632600,,,,,,,,,,,,,,,,17.668049
632700,,,,,,,,,,,,,,,,12.394872
632800,,,,,,,,,,,,,,,,16.653641
640100,.99191076,.31758353,7.7019577,11.239167,.50008333,.46223333,.012192397,49.74456,2.3269551,.015477617,4.5062976,.49185702,.25029343,.43994883,.2247369,16.804255
640200,.30038762,.20042296,5.9150143,11.071443,.60914999,.33824998,.013445886,44.053272,.69879878,.029668912,3.0016623,.2683278,.1685071,.30894971,.094797447,16.994757
640300,-.33871049,.22563587,3.9590783,10.385961,.54163331,.32738334,.010778499,12.810396,.47397047,.0038948674,3.1002274,.1581817,.062624805,.18969448,.17811002,15.420897
640400,-.86178315,.26230732,3.4044709,9.8609905,.25614992,.53665006,.0027481823,2.4412158,.049045667,.0023106132,2.7580941,.10470803,.039714634,.061515104,.89456671,11.221217
640500,-.63266742,.18625781,3.2583606,10.306859,.44265002,.40431675,.010365503,8.2909832,.76502728,.0035013061,2.6180248,.11825575,.051177721,.19394697,.23956165,16.052273
650100,1.5830278,.44881693,11.136176,11.28366,.32038334,.66916668,.0058359862,37.241676,2.291225,.014050023,5.073669,.65961432,.33570343,.52907723,.27256,18.260973
650200,.65059048,.080800325,5.7571325,11.979221,.71198332,.27965,.0019567818,48.559139,2.1612904,.0034718944,3.291779,.83046269,.49224648,.68551755,1.4848632,23.171642
650400,-.020368502,.2007515,4.6811671,10.911818,.47375003,.37685001,.0055860491,10.01207,.079365082,.0056284308,3.0935259,.3485302,.09874519,.15905793,.030487783,16.294979
650500,.76828372,.21975228,6.3761907,11.432826,.58229995,.34565002,,3.1607144,.24404763,.0053547616,3.314944,.49360475,.19919345,.35876012,.43848065,16.333334
652300,,,,,,,,,,,,,,,,17.784489
652700,,,,,,,,,,,,,,,,17.761906
652800,,,,,,,,,,,,,,,,18.41144
652900,,,,,,,,,,,,,,,,16.848982
653000,,,,,,,,,,,,,,,,18.231771
653100,,,,,,,,,,,,,,,,20.483047
653200,,,,,,,,,,,,,,,,15.209274
654000,,,,,,,,,,,,,,,,17.826273
654200,,,,,,,,,,,,,,,,16.59576
654300,,,,,,,,,,,,,,,,19.892572
659001,,,,,,,,,,,,,,,,16.15625
659002,,,,,,,,,,,,,,,,17.543047
659003,,,,,,,,,,,,,,,,17.092106
659004,,,,,,,,,,,,,,,,11.724638
659005,,,,,,,,,,,,,,,,21.857143
659006,,,,,,,,,,,,,,,,19.84
659007,,,,,,,,,,,,,,,,21.254545
659008,,,,,,,,,,,,,,,,23.48
659009,,,,,,,,,,,,,,,,19.621212
659010,,,,,,,,,,,,,,,,21.470589
